{
  "project_info": {
    "project_number": "879947015070",
    "project_id": "fir-crudapp-84d5f",
    "storage_bucket": "fir-crudapp-84d5f.appspot.com"
  },
  "client": [
    {
      "client_info": {
        "mobilesdk_app_id": "1:879947015070:android:19baef48eadfc6697e6c8f",
        "android_client_info": {
          "package_name": "com.example.firebasecrudapp"
        }
      },
      "oauth_client": [
        {
          "client_id": "879947015070-qovuac1s2pr9g9p7qem7tbqucgv315d4.apps.googleusercontent.com",
          "client_type": 3
        }
      ],
      "api_key": [
        {
          "current_key": "AIzaSyCs9dp8zjBElyXMWN2xnjiQW4Sg7n0RMZs"
        }
      ],
      "services": {
        "appinvite_service": {
          "other_platform_oauth_client": [
            {
              "client_id": "879947015070-qovuac1s2pr9g9p7qem7tbqucgv315d4.apps.googleusercontent.com",
              "client_type": 3
            }
          ]
        }
      }
    }
  ],
  "configuration_version": "1"
}